Trim.,Actividad,Entregable,Costo
M3 S1-2,Taller + censo 400 hog. +15 guardianes,"Acta, censo, 15 credenc.",18000
M3 S3-4,Carpa 2 jornadas + ruta bio demo,"100 cirug., 400L, cat 20",62000
M4 S1-2,2 jornadas + 300kg alimento + Taller #1,"100 cirug., 15 kits",58000
M4 S3-4,2 jornadas +10 guard. nuevos + Pasarela #1,"100 cirug., 8 adop.",61000
M5 S1-2,2 jornadas +10 aqua +4 padrinos,"100 cirug., 10 aqua",72000
M5 S3-4,2 jornadas + auditoría interna,"80 cirug., informe",48000
Total 90d OPEX,12 jorn. +40 guard. demo,"580 cirug., 20 adop., 800kg",319000
CAPEX carpa (no remolque),—,—,103000
Flujo total 90d,—,—,422000
